<?xml version="1.0"?>
<!DOCTYPE hibernate-mapping PUBLIC "-//Hibernate/Hibernate Mapping DTD 3.0//EN"
"http://hibernate.sourceforge.net/hibernate-mapping-3.0.dtd">
<!-- Generated 27/11/2007 18:03:31 by Hibernate Tools 3.2.0.beta8 -->
<hibernate-mapping>
    <class name="Diagnostico" table="DIAGNOSTICOS" catalog="Clinica">
        <comment></comment>
        <id name="id_diagnostico" type="int">
            <column name="id_diagnostico" />
            <generator class="assigned"></generator>
        </id>
        <many-to-one name="pacientes" class="Paciente" fetch="select">
            <column name="id_paciente" not-null="true">
                <comment></comment>
            </column>
        </many-to-one>
        <property name="descripcion" type="string">
            <column name="descripcion" length="512" not-null="true">
                <comment></comment>
            </column>
        </property>
        <property name="fecha" type="date">
            <column name="fecha" length="10" not-null="true">
                <comment></comment>
            </column>
        </property>
    </class>
</hibernate-mapping>
