<?xml version="1.0" encoding="UTF-8"?>
<!DOCTYPE hibernate-reverse-engineering PUBLIC "-//Hibernate/Hibernate Reverse Engineering DTD 3.0//EN" "http://hibernate.sourceforge.net/hibernate-reverse-engineering-3.0.dtd" >

<hibernate-reverse-engineering>
	<type-mapping>
		<sql-type jdbc-type="INTEGER" hibernate-type="int"
			not-null="true">
		</sql-type>
		<sql-type jdbc-type="VARCHAR" hibernate-type="string"
			length="512" not-null="true">
		</sql-type>
		<sql-type jdbc-type="DATE" hibernate-type="date" length="10"
			not-null="true">
		</sql-type>
		<sql-type jdbc-type="INTEGER" hibernate-type="int"
			not-null="true">
		</sql-type>
		<sql-type jdbc-type="INTEGER" hibernate-type="int"
			not-null="true">
		</sql-type>
		<sql-type jdbc-type="VARCHAR" hibernate-type="string"
			length="30" not-null="true">
		</sql-type>
		<sql-type jdbc-type="VARCHAR" hibernate-type="string"
			length="30" not-null="true">
		</sql-type>
		<sql-type jdbc-type="DATE" hibernate-type="date" length="10"
			not-null="true">
		</sql-type>
		<sql-type jdbc-type="CHAR" hibernate-type="string" length="4"
			not-null="true">
		</sql-type>
		<sql-type jdbc-type="INTEGER" hibernate-type="int"
			not-null="true">
		</sql-type>
		<sql-type jdbc-type="VARCHAR" hibernate-type="string"
			length="50" not-null="true">
		</sql-type>
		<sql-type jdbc-type="CHAR" hibernate-type="string" length="2"
			not-null="true">
		</sql-type>
		<sql-type jdbc-type="BIT" hibernate-type="boolean"
			not-null="true">
		</sql-type>
	</type-mapping>


	<table-filter match-catalog="Clinica" match-name="DIAGNOSTICOS" />
	<table-filter match-catalog="Clinica" match-name="PACIENTES" />
	<table catalog="Clinica" name="PACIENTES" class="Paciente">
		<primary-key>
			<generator class="assigned"></generator>
			<key-column name="id_paciente" property="id_paciente"
				jdbc-type="INTEGER" type="int" />
		</primary-key>
		<column name="nombre" jdbc-type='VARCHAR' property="nombre"
			type="string" />
		<column name="apellido" jdbc-type='VARCHAR' property="apellido"
			type="string" />
		<column name="fecha_nac" jdbc-type='DATE' property="fecha_nac"
			type="date" />
		<column name="tpo_doc" jdbc-type='CHAR' property="tpo_doc"
			type="string" />
		<column name="nro_doc" jdbc-type='INTEGER' property="nro_doc"
			type="int" />
		<column name="obra_social" jdbc-type='VARCHAR'
			property="obra_social" type="string" />
		<column name="sexo" jdbc-type='CHAR' property="sexo"
			type="string" />
		<column name="estavivo" jdbc-type='BIT' property="estavivo"
			type="boolean" />
	</table>
<table catalog="Clinica" name="DIAGNOSTICOS" class="Diagnostico">
	<primary-key>
		<generator class="assigned"></generator>
		<key-column name="id_diagnostico" property="id_diagnostico" jdbc-type="INTEGER" type="int"/>
	</primary-key>
	<column name="descripcion" jdbc-type='VARCHAR' property="descripcion" type="string"/>
	<column name="fecha" jdbc-type='DATE' property="fecha" type="date"/>
	<column name="id_paciente" jdbc-type='INTEGER' property="id_paciente" type="int"/>
</table>
</hibernate-reverse-engineering>