<?xml version="1.0"?>
<!DOCTYPE hibernate-mapping PUBLIC "-//Hibernate/Hibernate Mapping DTD 3.0//EN"
"http://hibernate.sourceforge.net/hibernate-mapping-3.0.dtd">
<!-- Generated 06/01/2008 07:45:08 by Hibernate Tools 3.2.0.beta8 -->
<hibernate-mapping>
    <class name="clinica.Paciente" table="PACIENTES" catalog="Clinica">
        <comment></comment>
        <id name="idPaciente" type="int">
            <column name="id_paciente" />
            <generator class="increment"></generator>
        </id>
        <property name="nombre" type="string">
            <column name="nombre" length="30" not-null="true">
                <comment></comment>
            </column>
        </property>
        <property name="apellido" type="string">
            <column name="apellido" length="30" not-null="true">
                <comment></comment>
            </column>
        </property>
        <property name="fechaNac" type="date">
            <column name="fecha_nac" length="10" not-null="true">
                <comment></comment>
            </column>
        </property>
        <property name="tpoDoc" type="string">
            <column name="tpo_doc" length="4" not-null="true">
                <comment></comment>
            </column>
        </property>
        <property name="nroDoc" type="int">
            <column name="nro_doc" not-null="true">
                <comment></comment>
            </column>
        </property>
        <property name="obraSocial" type="string">
            <column name="obra_social" length="50" not-null="true">
                <comment></comment>
            </column>
        </property>
        <property name="sexo" type="string">
            <column name="sexo" length="2" not-null="true">
                <comment></comment>
            </column>
        </property>
        <property name="estaVivo" type="boolean">
            <column name="estavivo" not-null="true">
                <comment></comment>
            </column>
        </property>
        <set name="diagnosticos" inverse="true">
            <key>
                <column name="id_paciente" not-null="true">
                    <comment></comment>
                </column>
            </key>
            <one-to-many class="clinica.Diagnostico" />
        </set>
    </class>
</hibernate-mapping>
