<?xml version="1.0"?>
<!DOCTYPE hibernate-mapping PUBLIC "-//Hibernate/Hibernate Mapping DTD 3.0//EN"
"http://hibernate.sourceforge.net/hibernate-mapping-3.0.dtd">
<!-- Generated 06/01/2008 07:45:08 by Hibernate Tools 3.2.0.beta8 -->
<hibernate-mapping>
    <class name="clinica.Usuario" table="USUARIOS" catalog="Clinica">
        <comment></comment>
        <id name="idUsuario" type="int">
            <column name="id_usuario" />
            <generator class="increment"></generator>
        </id>
        <property name="nombreReal" type="string">
            <column name="nombre_real" length="30" not-null="true">
                <comment></comment>
            </column>
        </property>
        <property name="apellido" type="string">
            <column name="apellido" length="30" not-null="true">
                <comment></comment>
            </column>
        </property>
        <property name="nombreAcceso" type="string">
            <column name="nombre_acceso" length="30" not-null="true">
                <comment></comment>
            </column>
        </property>
        <property name="claveAcceso" type="string">
            <column name="clave_acceso" length="30" not-null="true">
                <comment></comment>
            </column>
        </property>
    </class>
</hibernate-mapping>
