<?xml version="1.0" encoding="utf-8"?>
<!DOCTYPE hibernate-configuration PUBLIC
"-//Hibernate/Hibernate Configuration DTD 3.0//EN"
"http://hibernate.sourceforge.net/hibernate-configuration-3.0.dtd">
<hibernate-configuration>
    <session-factory>
        <property name="hibernate.bytecode.use_reflection_optimizer">false</property>
        <property name="hibernate.connection.driver_class">com.mysql.jdbc.Driver</property>
        <property name="hibernate.connection.password">4dm1nsql</property>
        <property name="hibernate.connection.url">jdbc:mysql://127.0.0.1/Clinica</property>
        <property name="hibernate.connection.username">mysql</property>
        <property name="hibernate.dialect">org.hibernate.dialect.MySQLInnoDBDialect</property>
        <mapping resource="Diagnostico.hbm.xml" />
        <mapping resource="Paciente.hbm.xml" />
    </session-factory>
</hibernate-configuration>
