<?xml version="1.0" encoding="UTF-8"?>
<!DOCTYPE hibernate-reverse-engineering PUBLIC "-//Hibernate/Hibernate Reverse Engineering DTD 3.0//EN" "http://hibernate.sourceforge.net/hibernate-reverse-engineering-3.0.dtd" >

<hibernate-reverse-engineering>
	<type-mapping>
		<sql-type jdbc-type="INTEGER" hibernate-type="int"
			not-null="true">
		</sql-type>
		<sql-type jdbc-type="VARCHAR" hibernate-type="string"
			length="512" not-null="true">
		</sql-type>
		<sql-type jdbc-type="DATE" hibernate-type="date" length="10"
			not-null="true">
		</sql-type>
		<sql-type jdbc-type="INTEGER" hibernate-type="int"
			not-null="true">
		</sql-type>
		<sql-type jdbc-type="INTEGER" hibernate-type="int"
			not-null="true">
		</sql-type>
		<sql-type jdbc-type="VARCHAR" hibernate-type="string"
			length="30" not-null="true">
		</sql-type>
		<sql-type jdbc-type="VARCHAR" hibernate-type="string"
			length="30" not-null="true">
		</sql-type>
		<sql-type jdbc-type="DATE" hibernate-type="date" length="10"
			not-null="true">
		</sql-type>
		<sql-type jdbc-type="CHAR" hibernate-type="string" length="4"
			not-null="true">
		</sql-type>
		<sql-type jdbc-type="INTEGER" hibernate-type="int"
			not-null="true">
		</sql-type>
		<sql-type jdbc-type="VARCHAR" hibernate-type="string"
			length="50" not-null="true">
		</sql-type>
		<sql-type jdbc-type="CHAR" hibernate-type="string" length="2"
			not-null="true">
		</sql-type>
		<sql-type jdbc-type="BIT" hibernate-type="boolean"
			not-null="true">
		</sql-type>
		<sql-type jdbc-type="INTEGER" hibernate-type="int"
			not-null="true">
		</sql-type>
		<sql-type jdbc-type="VARCHAR" hibernate-type="string"
			length="30" not-null="true">
		</sql-type>
		<sql-type jdbc-type="VARCHAR" hibernate-type="string"
			length="30" not-null="true">
		</sql-type>
		<sql-type jdbc-type="VARCHAR" hibernate-type="string"
			length="30" not-null="true">
		</sql-type>
		<sql-type jdbc-type="VARCHAR" hibernate-type="string"
			length="30" not-null="true">
		</sql-type>
	</type-mapping>
	<table-filter match-catalog="Clinica" match-name="DIAGNOSTICOS" />
	<table-filter match-catalog="Clinica" match-name="PACIENTES" />
	<table-filter match-catalog="Clinica" match-name="USUARIOS" />
	<table catalog="Clinica" name="PACIENTES" class="Paciente">
		<primary-key>
			<generator class="increment"></generator>
			<key-column name="id_paciente" property="idPaciente"
				jdbc-type="INTEGER" type="int" />
		</primary-key>
		<column name="nombre" jdbc-type='VARCHAR' property="nombre"
			type="string" />
		<column name="apellido" jdbc-type='VARCHAR' property="apellido"
			type="string" />
		<column name="fecha_nac" jdbc-type='DATE' property="fechaNac"
			type="date" />
		<column name="tpo_doc" jdbc-type='CHAR' property="tpoDoc"
			type="string" />
		<column name="nro_doc" jdbc-type='INTEGER' property="nroDoc"
			type="int" />
		<column name="obra_social" jdbc-type='VARCHAR'
			property="obraSocial" type="string" />
		<column name="sexo" jdbc-type='CHAR' property="sexo"
			type="string" />
		<column name="estavivo" property="estaVivo" jdbc-type="BIT"
			type="boolean" />
	</table>
	<table catalog="Clinica" name="DIAGNOSTICOS" class="Diagnostico">
		<primary-key>
			<generator class="increment"></generator>
			<key-column name="id_diagnostico" property="idDiagnostico"
				jdbc-type="INTEGER" type="int" />
		</primary-key>
		<column name="descripcion" jdbc-type='VARCHAR'
			property="descripcion" type="string" />
		<column name="fecha" jdbc-type='DATE' property="fecha"
			type="date" />
		<column name="id_paciente" jdbc-type='INTEGER'
			property="idPaciente" type="int" />
	</table>
<table catalog="Clinica" name="USUARIOS" class="Usuario">
	<primary-key>
		<generator class="increment"></generator>
		<key-column name="id_usuario" property="idUsuario" jdbc-type="INTEGER" type="int"/>
	</primary-key>
	<column name="nombre_real" jdbc-type='VARCHAR' property="nombreReal" type="string"/>
	<column name="apellido" jdbc-type='VARCHAR' property="apellido" type="string"/>
	<column name="nombre_acceso" jdbc-type='VARCHAR' property="nombreAcceso" type="string"/>
	<column name="clave_acceso" jdbc-type='VARCHAR' property="claveAcceso" type="string"/>
</table>
</hibernate-reverse-engineering>